Study_ID,CDI,IBQ_ECBQ,Coding,Statistic,N
900,CDI,1,1,0.169,105
900,CDI,1,1,0.062,121
900,CDI,1,1,0.031,140
900,CDI,1,1,0.0147,105
900,CDI,1,1,0.032,121
900,CDI,1,1,-0.138,140
900,CDI,1,1,0.077,105
900,CDI,1,1,0.07,121
900,CDI,1,1,-0.061,140
900,CDI,1,1,0.187,105
900,CDI,1,1,0.105,121
900,CDI,1,1,-0.202,140
900,CDI,1,1,-0.021,130
900,CDI,1,1,0.233,105
900,CDI,1,1,0.095,121
900,CDI,1,1,-0.159,140
900,CDI,1,1,-0.024,130
900,CDI,1,1,0.005,138
900,CDI,1,3,0.285,121
900,CDI,1,3,0.285,140
900,CDI,1,3,0.2,105
900,CDI,1,3,0.233,121
900,CDI,1,3,0.319,140
900,CDI,1,3,-0.034,105
900,CDI,1,3,-0.009,105
900,CDI,1,3,-0.022,105
900,CDI,1,3,0.165,121
900,CDI,1,3,0.149,121
900,CDI,1,3,0.183,121
900,CDI,1,3,0.191,140
900,CDI,1,3,0.183,140
900,CDI,1,3,-0.137,140
900,CDI,1,3,0.213,130
900,CDI,1,3,0.2,130
900,CDI,1,3,0.064,144
900,CDI,1,3,0.064,138
900,CDI,1,2,0.089,105
900,CDI,1,2,0.221,121
900,CDI,1,2,0.16,140
900,CDI,1,2,0.19,105
900,CDI,1,2,0.221,121
900,CDI,1,2,0.313,140
900,CDI,1,2,0.089,105
900,CDI,1,2,0.026,121
900,CDI,1,2,0.152,140
900,CDI,1,2,0.122,121
900,CDI,1,2,0.137,140
900,CDI,1,2,0.022,105
900,CDI,1,2,0.122,140
900,CDI,1,2,0.096,130
900,CDI,1,2,0.183,144
900,CDI,1,2,0.016,105
900,CDI,1,2,0.088,121
900,CDI,1,2,0.133,140
900,CDI,1,2,0.183,147
900,CDI,1,3,0.11,105
901,,1,3,0.422,19
901,,1,3,0.452,19
901,,1,3,0.297,19
901,,1,3,0.38,19
901,,1,3,0.244,19
901,,1,3,-0.189,19
901,,1,3,-0.145,19
901,,1,3,0.132,19
901,,1,3,0.236,19
901,,1,3,-0.23,19
901,,1,3,0.308,19
901,,1,3,0.297,19
909,,1,3,-0.083,16
909,,1,2,-0.083,16
909,,1,3,-0.423,16
92,CDI,1,1,-0.21,342
92,CDI,1,1,-0.15,407
92,CDI,1,2,0.27,407
92,CDI,1,2,0.27,407
92,CDI,1,2,0.29,407
92,CDI,1,1,-0.21,407
92,CDI,1,1,0.23,407
92,CDI,1,1,-0.1,407
92,CDI,1,1,-0.08,407
92,CDI,1,1,-0.15,407
92,CDI,1,1,-0.17,407
92,CDI,1,2,0.13,407
92,CDI,1,2,0.08,407
92,CDI,1,2,0.05,407
92,CDI,1,2,0.06,407
92,CDI,1,3,0.2,407
92,CDI,1,3,0.08,407
92,CDI,1,3,0.03,407
92,CDI,1,3,0.01,407
92,CDI,1,3,0.1,407
92,CDI,1,3,0,407
92,CDI,1,3,0.04,407
67,CDI,1,1,0.02,71
67,CDI,,3,0.2,71
67,CDI,1,3,0.22,71
67,CDI,,2,0.17,71
67,CDI,1,2,0.01,71
67,CDI,1,3,0.01,71
73,,1,1,0.05,511
73,,1,1,0.16,511
73,,,1,0.12,511
9,CDI,,3,0.23,40
47,,1,3,-0.05,29
47,,1,3,-0.15,29
47,,1,3,-0.18,28
47,,1,3,-0.02,28
47,,1,2,0.28,29
47,,1,2,0.32,29
47,,1,2,0.24,28
47,,1,2,0.58,28
47,,1,1,-0.35,29
47,,1,1,-0.2,29
47,,1,1,-0.29,28
47,,1,1,-0.09,28
47,,1,1,-0.11,29
47,,1,1,-0.1,29
47,,1,1,0.21,29
47,,1,1,-0.08,29
47,,1,3,0.03,29
47,,1,3,0.28,29
47,,1,3,0,29
47,,1,3,0.42,29
47,,1,2,-0.01,29
47,,1,2,-0.51,29
47,,1,2,-0.02,29
47, ,1,2,0.56,29
9,CDI,,3,-0.07,40
9,CDI,,2,0.21,40
9,CDI,,3,0.02,40
9,CDI,,3,-0.02,40
9,CDI,,2,0.25,40
9,CDI,,3,-0.17,40
9,CDI,,2,-0.26,40
9,CDI,,3,-0.1,40
9,CDI,,2,0.23,40
9,CDI,,3,-0.04,40
9,CDI,,3,0.03,40
9,CDI,,3,0.22,40
9,CDI,,2,0.3,40
9,CDI,,3,-0.13,40
9,CDI,,2,-0.16,40
9,CDI,,3,-0.07,40
9,CDI,,2,0.48,40
9,CDI,,3,0.01,40
9,CDI,,3,0.02,40
9,CDI,,3,0.08,40
9,CDI,,2,0.29,40
9,CDI,,3,-0.04,40
9,CDI,,2,-0.2,40
9,CDI,,3,-0.05,40
9,CDI,,2,0.23,40
9,CDI,,3,0.02,40
9,CDI,,3,0.16,40
9,CDI,,3,0.13,40
9,CDI,,2,0.44,40
9,CDI,,3,-0.29,40
9,CDI,,2,-0.19,40
37,CDI,,1,-0.169,120
37,,,1,-0.202,120
37,CDI,,1,-0.159,120
37,,,1,-0.235,120
37,CDI,,3,0.279,120
37,,,3,0.157,120
37,CDI,,3,0.279,120
37,,,3,0.157,120
51,,,3,0.04,98
51,CDI,,3,0,98
51,CDI,,3,-0.05,98
51,CDI,,3,0.02,98
51,CDI,,3,0.03,98
51,CDI,,3,0.04,98
51,CDI,,3,0.25,98
51,CDI,,3,0.25,98
907,,1,1,0.041,35
907,,1,3,-0.329,35
907,,1,2,-0.31,35
117,CDI,1,2,0.18,62
117,CDI,1,2,0.12,66
117,CDI,1,2,0.36,77
117,CDI,1,2,0.27,63
4,,1,2,0.24,102
4,,1,2,0.26,102
4,,1,1,-0.06,102
4,,1,1,-0.02,102
4,,1,1,-0.03,102
4,,1,1,-0.03,102
4,,1,3,0.17,102
4,,1,3,0.24,102
910,CDI,1,1,-0.14,314
910,CDI,1,1,-0.15,314
910,CDI,1,1,-0.09,314
910,CDI,1,1,-0.08,314
910,CDI,1,1,-0.13,314
910,CDI,1,3,0.16,314
910,CDI,1,3,0.15,314
910,CDI,1,2,0.28,314
910,CDI,1,2,0.28,314
910,CDI,1,3,0.1,314
910,CDI,1,2,-0.1,314
910,CDI,1,3,0.13,314
910,CDI,1,2,0.07,314
910,CDI,1,3,0.1,314
910,CDI,1,2,0.24,314
908,CDI,1,1,0.09,355
908,CDI,1,1,-0.02,143
908,CDI,1,1,-0.03,493
908,CDI,1,3,0.22,355
908,CDI,1,2,0.3,355
908,CDI,1,3,0.06,143
908,CDI,1,2,0.16,143
908,CDI,1,3,0.1,493
908,CDI,1,2,0.14,493
906,CDI,1,1,-0.136,122
49,CDI,1,3,0.4,52
49,CDI,1,3,0.05,52
49,CDI,1,2,0.31,52
49,CDI,1,2,0.14,52
49,CDI,1,1,-0.09,52
49,CDI,1,1,-0.05,52
49,CDI,1,1,-0.01,52
49,CDI,1,1,0.18,52
49,CDI,1,3,0.4,52
49,CDI,1,3,0.16,52
49,CDI,1,2,0.25,52
49,CDI,1,2,0.06,52
904,CDI,1,1,0.2,89
904,CDI,1,1,0.07,89
904,CDI,1,1,0.17,89
904,CDI,1,1,-0.05,89
904,CDI,1,1,0.02,89
904,CDI,1,1,0,89
904,CDI,1,1,0.09,89
904,CDI,1,1,-0.02,89
904,CDI,1,3,0.12,89
904,CDI,1,2,0.02,89
904,CDI,1,3,0.13,89
904,CDI,1,2,0.1,89
904,CDI,1,3,0.15,89
904,CDI,1,2,0.16,89
904,CDI,1,3,0.09,89
904,CDI,1,2,0.28,89
904,CDI,1,3,-0.03,89
904,CDI,1,2,0.22,89
904,CDI,1,3,0.1,89
904,CDI,1,2,0.15,89
904,CDI,1,3,0.16,89
904,CDI,1,2,0.29,89
904,CDI,1,3,0.32,89
904,CDI,1,2,0.12,89
904,CDI,1,1,0.040786,1200
904,CDI,1,1,0.04165351,1200
904,CDI,1,1,0.04021109,1200
904,CDI,1,1,0.04116935,1200
904,CDI,1,1,0.04027911,1200
904,CDI,1,1,0.0411493,1200
904,CDI,1,1,0.04313731,1039
904,CDI,1,1,0.04454342,1039
904,CDI,1,3,0.03870044,1200
904,CDI,1,2,0.04026597,1200
904,CDI,1,3,0.03880865,1200
904,CDI,1,2,0.04005062,1200
904,CDI,1,3,0.03922912,1200
904,CDI,1,2,0.03996449,1200
904,CDI,1,3,0.04034012,1200
904,CDI,1,2,0.04039228,1200
904,CDI,1,3,0.03990578,1200
904,CDI,1,2,0.04020691,1200
904,CDI,1,3,0.04072255,1200
904,CDI,1,2,0.04097594,1200
904,CDI,1,3,0.04295495,1039
904,CDI,1,2,0.04316857,1039
904,CDI,1,3,0.04385161,1039
904,CDI,1,2,0.04408504,1039
904,CDI,,2,-0.16,183
904,CDI,,2,-0.07,183
904,CDI,,2,-0.1,183
904,CDI,,2,-0.07,183
904,CDI,,2,-0.05,183
904,CDI,,2,-0.08,183
904,CDI,,1,0.05,183
904,CDI,,1,0.15,183
904,CDI,,1,0.11,183
904,CDI,,1,0.11,183
904,CDI,,1,0.03,183
904,CDI,,1,0.05,183
31,CDI,,1,-0.072,242
31,CDI,,2,0.411,242
76,,1,3,0.134,64
76,,1,3,0.05,64
76,,1,3,-0.069,64
76,,1,3,0.013,64
5,CDI,1,2,0.39,43
5,CDI,1,2,0.34,43
5,CDI,1,2,0.34,43
5,CDI,1,2,0.38,43
5,CDI,1,2,0.37,43
5,CDI,1,2,0.27,43
5,CDI,1,2,0.36,43
5,CDI,1,2,0.36,43
5,CDI,1,2,0.3,43
5,CDI,1,2,0.36,43
5,CDI,1,2,0.39,43
5,,1,2,0.37,43
5,,1,2,0.43,43
5,,1,2,0.47,43
5,CDI,1,2,0.42,51
5,CDI,1,2,0.33,51
5,CDI,1,2,0.44,51
5,CDI,1,2,0.41,51
5,CDI,1,2,0.4,51
5,CDI,1,2,0.5,51
5,CDI,1,2,0.46,51
5,CDI,1,3,0.29,51
5,CDI,1,3,0.26,51
5,CDI,1,2,0.34,51
5,CDI,1,2,0.34,51
5,CDI,1,2,0.32,51
5,CDI,1,2,0.35,51
5,CDI,1,2,0.28,51
5,CDI,1,2,0.45,51
5,CDI,1,2,0.4,51
5,CDI,1,2,0.27,51
5,CDI,1,2,0.3,51
5,CDI,1,3,0.33,51
5,CDI,1,3,0.29,51
5,CDI,1,3,0.29,51
5,CDI,1,3,0.42,51
5,CDI,1,3,0.32,51
5,CDI,1,3,0.26,51
5,CDI,1,3,0.35,51
5,CDI,1,3,0.3,51
5,CDI,1,3,0.37,51
5,CDI,1,3,0.35,51
5,CDI,1,3,0.32,51
5,CDI,1,3,0.32,51
5,CDI,1,3,0.34,51
5,,1,1,-0.27,43
5,,1,1,-0.27,43
5,,1,1,-0.25,43
5,CDI,1,1,-0.27,51
5,CDI,1,1,-0.25,51
5,CDI,1,1,-0.29,51
5,CDI,1,1,-0.37,51
5,CDI,1,1,-0.31,51
5,CDI,1,1,-0.33,51
5,CDI,1,1,-0.26,51
5,CDI,1,1,-0.31,51
5,CDI,1,1,-0.28,51
5,CDI,1,1,-0.26,51
5,CDI,1,1,-0.26,51
5,CDI,1,1,-0.28,51
5,CDI,1,1,-0.28,51
5,CDI,1,1,-0.29,51
5,CDI,1,1,-0.34,51
7,,,3,0.27,212
7,,,2,0.15,212
7,,,3,0.31,212
7,,,2,0.08,212
7,,,3,0.21,212
7,,,3,0.22,212
7,,,2,0.05,212
7,,,2,0.19,212
7,,,3,0.17,212
7,,,3,0.23,212
7,,,3,0.12,212
7,,,2,0.14,212
7,,,2,0.15,212
7,,,2,0.07,212
7,,,3,0.12,212
7,,,2,0.19,212
7,,,3,0.16,212
7,,,2,0.21,212
7,,,3,0.14,212
7,,,2,0.14,212
903,CDI,1,2,-0.03,97
903,CDI,1,2,0.19,97
903,CDI,1,2,0.29,97
903,CDI,1,2,0.05,97
903,CDI,1,2,0.32,97
903,CDI,1,2,0.18,97
74,CDI,1,2,0.29,56
74,CDI,1,2,0.3,64
74,CDI,1,2,0.05,69
74,CDI,1,2,0.23,69
74,CDI,1,2,0.2,69
74,CDI,1,3,0.12,56
74,CDI,1,3,0.21,64
74,CDI,1,3,-0.04,70
74,CDI,1,3,-0.07,70
74,CDI,1,3,0.16,70
74,CDI,1,1,0.2,56
74,CDI,1,1,-0.16,64
74,CDI,1,1,0.02,70
74,CDI,1,1,0.03,70
74,CDI,1,1,-0.26,70
905,CDI,1,2,0.003,205
905,CDI,1,2,0.021,162
902,CDI,1,3,0.14,464
902,CDI,1,3,0.1,90
902,CDI,1,2,0.2,464
902,CDI,1,2,0.21,90
902,CDI,1,1,-0.02,464
902,CDI,1,1,-0.11,90
911,CDI,1,1,-0.072,158
911,CDI,1,3,-0.043,158
911,CDI,1,1,-0.046,158
911,CDI,1,2,-0.039,158
911,CDI,1,2,0.002,158
911,CDI,1,1,-0.038,158
911,CDI,1,3,0.062,158
911,CDI,1,1,0.069,158
911,CDI,1,2,0.093,158
911,CDI,1,2,0.26,158
912,CDI,1,1,-0.064,57
912,CDI,1,3,0.083,57
912,CDI,1,1,0.22,57
912,CDI,1,2,-0.165,57
912,CDI,1,2,0.01,57
912,CDI,1,1,-0.282,57
912,CDI,1,3,0.224,57
912,CDI,1,1,-0.015,57
912,CDI,1,2,-0.016,57
912,CDI,1,2,0.191,57
79,CDI,1,2,0.22,163
79,CDI,1,2,0.03,163
79,CDI,1,3,0.02,163
79,CDI,1,1,0.1,163
